{
  "type": "LSTMTimeStep",
  "options": {
    "inputSize": 1,
    "hiddenLayers": [
      2,
      1
    ],
    "outputSize": 1,
    "learningRate": 0.6,
    "decayRate": 0.999,
    "smoothEps": 1e-8,
    "regc": 0.000001,
    "clipval": 5
  },
  "hiddenLayers": [
    {
      "inputMatrix": {
        "rows": 2,
        "columns": 1,
        "weights": {
          "0": -0.5804401636123657,
          "1": 0.5391291379928589
        }
      },
      "inputHidden": {
        "rows": 2,
        "columns": 2,
        "weights": {
          "0": -5.3599591431918725e-9,
          "1": -4.958976340674326e-9,
          "2": 6.18502193905357e-10,
          "3": 2.008438304557103e-9
        }
      },
      "inputBias": {
        "rows": 2,
        "columns": 1,
        "weights": {
          "0": 0.541041910648346,
          "1": 1.0755113363265991
        }
      },
      "forgetMatrix": {
        "rows": 2,
        "columns": 1,
        "weights": {
          "0": -5.8336091512956045e-9,
          "1": -3.444311058586891e-9
        }
      },
      "forgetHidden": {
        "rows": 2,
        "columns": 2,
        "weights": {
          "0": -3.4624361155977113e-9,
          "1": 1.7938013296969757e-9,
          "2": 2.7657127699143302e-9,
          "3": -1.3561548550811153e-9
        }
      },
      "forgetBias": {
        "rows": 2,
        "columns": 1,
        "weights": {
          "0": 0,
          "1": 0
        }
      },
      "outputMatrix": {
        "rows": 2,
        "columns": 1,
        "weights": {
          "0": -0.7237468361854553,
          "1": 0.6397722959518433
        }
      },
      "outputHidden": {
        "rows": 2,
        "columns": 2,
        "weights": {
          "0": -3.0395073125077943e-9,
          "1": -3.529937231405711e-9,
          "2": 2.913938201842825e-9,
          "3": 7.984755634460328e-10
        }
      },
      "outputBias": {
        "rows": 2,
        "columns": 1,
        "weights": {
          "0": 0.5175790786743164,
          "1": 1.1538069248199463
        }
      },
      "cellActivationMatrix": {
        "rows": 2,
        "columns": 1,
        "weights": {
          "0": 0.1736101359128952,
          "1": 0.21367430686950684
        }
      },
      "cellActivationHidden": {
        "rows": 2,
        "columns": 2,
        "weights": {
          "0": -3.6655782853500796e-9,
          "1": -5.0408601737217396e-9,
          "2": 5.247176915190721e-9,
          "3": 1.4635067602242202e-9
        }
      },
      "cellActivationBias": {
        "rows": 2,
        "columns": 1,
        "weights": {
          "0": -1.248024821281433,
          "1": 1.4818973541259766
        }
      }
    },
    {
      "inputMatrix": {
        "rows": 1,
        "columns": 2,
        "weights": {
          "0": -1.6184117794036865,
          "1": 1.656531572341919
        }
      },
      "inputHidden": {
        "rows": 1,
        "columns": 1,
        "weights": {
          "0": 3.3967983981142424e-9
        }
      },
      "inputBias": {
        "rows": 1,
        "columns": 1,
        "weights": {
          "0": 5.315568923950195
        }
      },
      "forgetMatrix": {
        "rows": 1,
        "columns": 2,
        "weights": {
          "0": -5.762935906261646e-9,
          "1": 2.450556868538456e-9
        }
      },
      "forgetHidden": {
        "rows": 1,
        "columns": 1,
        "weights": {
          "0": -3.851082563954833e-9
        }
      },
      "forgetBias": {
        "rows": 1,
        "columns": 1,
        "weights": {
          "0": 0
        }
      },
      "outputMatrix": {
        "rows": 1,
        "columns": 2,
        "weights": {
          "0": -1.7505152225494385,
          "1": 1.8364390134811401
        }
      },
      "outputHidden": {
        "rows": 1,
        "columns": 1,
        "weights": {
          "0": 3.379665436398227e-9
        }
      },
      "outputBias": {
        "rows": 1,
        "columns": 1,
        "weights": {
          "0": 5.754860877990723
        }
      },
      "cellActivationMatrix": {
        "rows": 1,
        "columns": 2,
        "weights": {
          "0": -1.0252254009246826,
          "1": 1.130395531654358
        }
      },
      "cellActivationHidden": {
        "rows": 1,
        "columns": 1,
        "weights": {
          "0": 2.5421584837204136e-9
        }
      },
      "cellActivationBias": {
        "rows": 1,
        "columns": 1,
        "weights": {
          "0": 3.455810308456421
        }
      }
    }
  ],
  "outputConnector": {
    "rows": 1,
    "columns": 1,
    "weights": {
      "0": 5.150936126708984
    }
  },
  "output": {
    "rows": 1,
    "columns": 1,
    "weights": {
      "0": 5.194471836090088
    }
  }
}