{
  "type": "LSTMTimeStep",
  "options": {
    "inputSize": 1,
    "hiddenLayers": [
      4,
      2
    ],
    "outputSize": 1,
    "decayRate": 0.999,
    "smoothEps": 1e-8,
    "regc": 0.000001,
    "clipval": 5
  },
  "hiddenLayers": [
    {
      "inputMatrix": {
        "rows": 4,
        "columns": 1,
        "weights": {
          "0": -0.05563076213002205,
          "1": 0.6202347874641418,
          "2": 0.3658156096935272,
          "3": -0.1945660263299942
        }
      },
      "inputHidden": {
        "rows": 4,
        "columns": 4,
        "weights": {
          "0": -8.261391639709473,
          "1": 3.373964786529541,
          "2": 5.362205982208252,
          "3": 6.170155048370361,
          "4": -2.7946274280548096,
          "5": -4.447922706604004,
          "6": 2.2138619422912598,
          "7": -3.9079368114471436,
          "8": 0.7573230862617493,
          "9": 3.3303263187408447,
          "10": 3.1096818447113037,
          "11": -1.3357534408569336,
          "12": -1.8619617223739624,
          "13": -3.5953125953674316,
          "14": 0.41348445415496826,
          "15": -5.163327217102051
        }
      },
      "inputBias": {
        "rows": 4,
        "columns": 1,
        "weights": {
          "0": 17.460182189941406,
          "1": 7.514683246612549,
          "2": 10.272193908691406,
          "3": -4.90322732925415
        }
      },
      "forgetMatrix": {
        "rows": 4,
        "columns": 1,
        "weights": {
          "0": 0.707578182220459,
          "1": -0.09753753989934921,
          "2": -0.540818989276886,
          "3": -0.33937352895736694
        }
      },
      "forgetHidden": {
        "rows": 4,
        "columns": 4,
        "weights": {
          "0": 4.750553131103516,
          "1": 3.383774757385254,
          "2": 7.865642547607422,
          "3": 6.687417984008789,
          "4": -5.763964653015137,
          "5": -6.1227569580078125,
          "6": -3.827467918395996,
          "7": 3.1213526725769043,
          "8": -6.389643669128418,
          "9": -4.206236362457275,
          "10": 12.03477954864502,
          "11": -8.557461738586426,
          "12": -1.9548643827438354,
          "13": 1.1812489032745361,
          "14": -10.350395202636719,
          "15": 3.430433750152588
        }
      },
      "forgetBias": {
        "rows": 4,
        "columns": 1,
        "weights": {
          "0": 0,
          "1": 0,
          "2": 0,
          "3": 0
        }
      },
      "outputMatrix": {
        "rows": 4,
        "columns": 1,
        "weights": {
          "0": -0.03873123228549957,
          "1": -0.4464971125125885,
          "2": 0.3863143026828766,
          "3": -0.430996298789978
        }
      },
      "outputHidden": {
        "rows": 4,
        "columns": 4,
        "weights": {
          "0": -4.6968464851379395,
          "1": 3.901578664779663,
          "2": 7.548316955566406,
          "3": 8.109109878540039,
          "4": -15.43786907196045,
          "5": -3.4422221183776855,
          "6": 10.777256965637207,
          "7": -25.945404052734375,
          "8": 10.817212104797363,
          "9": 1.7013940811157227,
          "10": -13.51130199432373,
          "11": -17.080913543701172,
          "12": -2.042294979095459,
          "13": -5.224318027496338,
          "14": 2.3214964866638184,
          "15": -4.832334518432617
        }
      },
      "outputBias": {
        "rows": 4,
        "columns": 1,
        "weights": {
          "0": 16.949148178100586,
          "1": 22.14724349975586,
          "2": 10.214127540588379,
          "3": -4.585427284240723
        }
      },
      "cellActivationMatrix": {
        "rows": 4,
        "columns": 1,
        "weights": {
          "0": -0.7464675307273865,
          "1": -0.13403195142745972,
          "2": 0.3061280846595764,
          "3": -0.15743805468082428
        }
      },
      "cellActivationHidden": {
        "rows": 4,
        "columns": 4,
        "weights": {
          "0": -3.5952303409576416,
          "1": -2.68011474609375,
          "2": 0.07805594801902771,
          "3": 2.5370209217071533,
          "4": 4.997170925140381,
          "5": 2.8296546936035156,
          "6": -2.852978229522705,
          "7": -1.5436164140701294,
          "8": -0.3045603930950165,
          "9": 3.4796717166900635,
          "10": -0.8585718870162964,
          "11": -2.791208505630493,
          "12": -0.2356395721435547,
          "13": 3.382201910018921,
          "14": 2.147597312927246,
          "15": -1.1536017656326294
        }
      },
      "cellActivationBias": {
        "rows": 4,
        "columns": 1,
        "weights": {
          "0": 4.687851428985596,
          "1": -6.960216045379639,
          "2": 1.0019384622573853,
          "3": -1.7569975852966309
        }
      }
    },
    {
      "inputMatrix": {
        "rows": 2,
        "columns": 4,
        "weights": {
          "0": -44.75044631958008,
          "1": -109.38236236572266,
          "2": -17.731897354125977,
          "3": -15.396506309509277,
          "4": 0.23744681477546692,
          "5": -10.37496280670166,
          "6": 4.846495628356934,
          "7": -1.4057602882385254
        }
      },
      "inputHidden": {
        "rows": 2,
        "columns": 2,
        "weights": {
          "0": 4.461819171905518,
          "1": -9.601068496704102,
          "2": -2.214219093322754,
          "3": 2.006192445755005
        }
      },
      "inputBias": {
        "rows": 2,
        "columns": 1,
        "weights": {
          "0": 22.225582122802734,
          "1": 12.919364929199219
        }
      },
      "forgetMatrix": {
        "rows": 2,
        "columns": 4,
        "weights": {
          "0": 3.1452176570892334,
          "1": -16.911441802978516,
          "2": -14.570430755615234,
          "3": 135.63174438476562,
          "4": -33.62740707397461,
          "5": -17.337032318115234,
          "6": 5.290987968444824,
          "7": 2.0284762382507324
        }
      },
      "forgetHidden": {
        "rows": 2,
        "columns": 2,
        "weights": {
          "0": 6.716246604919434,
          "1": 1.679707407951355,
          "2": -0.3136362135410309,
          "3": 33.270931243896484
        }
      },
      "forgetBias": {
        "rows": 2,
        "columns": 1,
        "weights": {
          "0": 0,
          "1": 0
        }
      },
      "outputMatrix": {
        "rows": 2,
        "columns": 4,
        "weights": {
          "0": -14.757630348205566,
          "1": -78.77391052246094,
          "2": 0.3352961838245392,
          "3": 3.789910078048706,
          "4": -40.66037368774414,
          "5": -72.13639068603516,
          "6": 30.958648681640625,
          "7": -16.63986587524414
        }
      },
      "outputHidden": {
        "rows": 2,
        "columns": 2,
        "weights": {
          "0": 2.0979089736938477,
          "1": -10.322933197021484,
          "2": 10.451260566711426,
          "3": 21.92098045349121
        }
      },
      "outputBias": {
        "rows": 2,
        "columns": 1,
        "weights": {
          "0": 13.665247917175293,
          "1": 19.669456481933594
        }
      },
      "cellActivationMatrix": {
        "rows": 2,
        "columns": 4,
        "weights": {
          "0": -23.135536193847656,
          "1": 52.091224670410156,
          "2": 13.038713455200195,
          "3": 2.86139178276062,
          "4": 15.245837211608887,
          "5": -17.63885498046875,
          "6": -13.332864761352539,
          "7": 12.602178573608398
        }
      },
      "cellActivationHidden": {
        "rows": 2,
        "columns": 2,
        "weights": {
          "0": -3.4443347454071045,
          "1": -9.898167610168457,
          "2": 4.087821006774902,
          "3": 5.7933573722839355
        }
      },
      "cellActivationBias": {
        "rows": 2,
        "columns": 1,
        "weights": {
          "0": 39.46765899658203,